﻿<?xml version="1.0" encoding="utf-8"?>
<deployment>
  <id>2d22b6ac-5a0d-49fd-8f56-5c8fa8f101f0</id>
  <author>N/A</author>
  <deployer>GITHUB_ZIP_DEPLOY</deployer>
  <authorEmail>N/A</authorEmail>
  <message>{"type":"deployment","sha":"c3a15e3547b63a55f1d1b02beb2b351c2315a38a","repoName":"YordanSV/RentGamer","actor":"YordanSV","slotName":"production","commitMessage":"Fix: Mejorar configuracin CORS con mltiples orgenes y logging"}</message>
  <progress></progress>
  <status>Success</status>
  <statusText></statusText>
  <lastSuccessEndTime>2026-01-30T23:06:23.690612Z</lastSuccessEndTime>
  <receivedTime>2026-01-30T23:05:27.1630937Z</receivedTime>
  <startTime>2026-01-30T23:05:28.5128495Z</startTime>
  <endTime>2026-01-30T23:06:23.690612Z</endTime>
  <complete>True</complete>
  <is_temp>False</is_temp>
  <is_readonly>True</is_readonly>
  <buildSummary />
</deployment>