﻿<?xml version="1.0" encoding="utf-8"?>
<deployment>
  <id>a7f24c41-092a-4ace-803b-9b75e45de066</id>
  <author>N/A</author>
  <deployer>GITHUB_ZIP_DEPLOY</deployer>
  <authorEmail>N/A</authorEmail>
  <message>{"type":"deployment","sha":"8b5ed4bc6cd452b4ec551f9feecb3ef1ac9f1737","repoName":"YordanSV/RentGamer","actor":"YordanSV","slotName":"production","commitMessage":""}</message>
  <progress></progress>
  <status>Success</status>
  <statusText></statusText>
  <lastSuccessEndTime>2026-01-30T02:45:43.2251913Z</lastSuccessEndTime>
  <receivedTime>2026-01-30T02:44:44.6039508Z</receivedTime>
  <startTime>2026-01-30T02:44:45.9271456Z</startTime>
  <endTime>2026-01-30T02:45:43.2251913Z</endTime>
  <complete>True</complete>
  <is_temp>False</is_temp>
  <is_readonly>True</is_readonly>
  <buildSummary />
</deployment>