<step title="Incoming Request" date="2026-01-30T03:13:21.530" instance="40cccd" url="/api/zipdeploy?isAsync=true&amp;deployer=GITHUB_ZIP_DEPLOY&amp;message=%7B%22type%22%3A%22deployment%22%2C%22sha%22%3A%228b5ed4bc6cd452b4ec551f9feecb3ef1ac9f1737%22%2C%22repoName%22%3A%22YordanSV%2FRentGamer%22%2C%22actor%22%3A%22YordanSV%22%2C%22slotName%22%3A%22production%22%2C%22commitMessage%22%3A%22%22%7D" method="POST" type="request" pid="831,1,39" Host="rentgamer-api-d5hzc6gahsc7ecaj.scm.eastus2-01.azurewebsites.net" User-Agent="GITHUBACTIONS_DeployWebAppToAzure_51b69be8bcb149ab5ffe5519bc46024dde20b7d1f7cb1647c4e64394c4ee6e21" Authorization="Bas..." Content-Type="application/octet-stream" Cookie="ARRAffinity=40cccdc4058002c7bb4a002ea17c753771e666b3099f0077ceb725e126cc1ecc;Path=/;HttpOnly;Secure;Domain=rentgamer-api-d5hzc6gahsc7ecaj.scm.eastus2-01.azurewebsites.net; ARRAffinitySameSite=40cccdc4058002c7bb4a002ea17c753771e666b3099f0077ceb725e126cc1ecc;Path=/;HttpOnly;SameSite=None;Secure;Domain=rentgamer-api-d5hzc6gahsc7ecaj.scm.eastus2-01.azurewebsites.net" Transfer-Encoding="chunked" X-ARR-LOG-ID="f9e7d7c6-499b-4ae7-90cd-749d16271057" CLIENT-IP="68.220.61.180:54305" X-SITE-DEPLOYMENT-ID="rentgamer-api" WAS-DEFAULT-HOSTNAME="rentgamer-api-d5hzc6gahsc7ecaj.scm.eastus2-01.azurewebsites.net" X-Forwarded-Proto="https" X-AppService-Proto="https" X-Forwarded-TlsVersion="1.3" X-WAWS-Unencoded-URL="/api/zipdeploy?isAsync=true&amp;deployer=GITHUB_ZIP_DEPLOY&amp;message=%7B%22type%22%3A%22deployment%22%2C%22sha%22%3A%228b5ed4bc6cd452b4ec551f9feecb3ef1ac9f1737%22%2C%22repoName%22%3A%22YordanSV%2FRentGamer%22%2C%22actor%22%3A%22YordanSV%22%2C%22slotName%22%3A%22production%22%2C%22commitMessage%22%3A%22%22%7D" X-Client-IP="68.220.61.180" X-Client-Port="54305" >
  <step title="Cleanup Xml Logs" date="2026-01-30T03:13:21.562" /><!-- duration: 115ms -->
  <step title="ZipPushDeploy" date="2026-01-30T03:13:23.729" >
    <step title="ZipDeploy. Extract zip." date="2026-01-30T03:13:23.930" /><!-- duration: 23ms -->
    <step title="None repository commit" date="2026-01-30T03:13:24.058" >
      <step title="Commit id: 0a56ce98-0a7d-4d38-986b-daa9758c0d3f" date="2026-01-30T03:13:24.449" Message="N/A" AuthorName="N/A" AuthorEmail="N/A" /><!-- duration: 7ms -->
    </step><!-- duration: 402ms -->
    <step title="Starting PushDeployAsync" date="2026-01-30T03:13:24.465" /><!-- duration: 4ms -->
    <step title="Removing node_modules symlink" date="2026-01-30T03:13:24.515" >
      <step title="Removing _del_node_modules symlink" date="2026-01-30T03:13:24.700" >
        <step title="Writing artifact to /tmp/zipdeploy/2d8d593f-9428-4f8f-8026-6c0ce313ee3b.zip" date="2026-01-30T03:13:24.827" >
          <step title="Writing multipart request body to /tmp/zipdeploy/2d8d593f-9428-4f8f-8026-6c0ce313ee3b.zip" date="2026-01-30T03:13:24.861" /><!-- duration: 24ms -->
        </step><!-- duration: 2024ms -->
        <step title="Removing previous build artifact&apos;s manifest file" date="2026-01-30T03:13:26.863" >
          <step title="Start deployment in the background" date="2026-01-30T03:13:26.960" >
            <step title="Acquiring Deployment Lock" date="2026-01-30T03:13:27.052" /><!-- duration: 28ms -->
            <step title="Acquired Deployment Lock" date="2026-01-30T03:13:27.316" /><!-- duration: 17ms -->
          </step><!-- duration: 818ms -->
        </step><!-- duration: 1016ms -->
        <step title="Outgoing response" date="2026-01-30T03:13:27.971" type="response" statusCode="202" statusText="Accepted" /><!-- duration: 15ms -->
      </step><!-- duration: 3307ms -->
