<step title="BackgroundTrace" date="2026-01-30T23:05:11.343" instance="115e45" url="/api/zipdeploy" method="POST" >
  <step title="Creating temporary deployment - FetchDeploymentManager" date="2026-01-30T23:05:11.531" /><!-- duration: 4ms -->
  <step title="Creating temporary deployment" date="2026-01-30T23:05:11.544" /><!-- duration: 134ms -->
  <step title="Performing fetch based deployment" date="2026-01-30T23:05:11.738" >
    <step title="Cleaning up temp folders from previous zip deployments and extracting pushed zip file /tmp/zipdeploy/5dce590c-292b-405a-8adc-4f04f6401ca3.zip (15.72 MB) to /tmp/zipdeploy/extracted" date="2026-01-30T23:05:12.893" >
      <step title="ChmodRecursive Process exited with total time taken in ms: 213" date="2026-01-30T23:05:25.088" /><!-- duration: 6ms -->
    </step><!-- duration: 12207ms -->
    <step title="Deployment timer started" date="2026-01-30T23:05:27.112" >
      <step title="DeploymentManager.Deploy(id:2d22b6ac-5a0d-49fd-8f56-5c8fa8f101f0)" date="2026-01-30T23:05:27.119" >
        <step title="Collecting changeset information" date="2026-01-30T23:05:27.133" /><!-- duration: 82ms -->
        <step title="Updating submodules" date="2026-01-30T23:05:27.225" /><!-- duration: 1145ms -->
        <step title="Determining deployment builder" date="2026-01-30T23:05:28.574" >
          <step title="Builder is OryxBuilder" date="2026-01-30T23:05:28.600" /><!-- duration: 4ms -->
        </step><!-- duration: 33ms -->
        <step title="PreDeployment: context.CleanOutputPath False" date="2026-01-30T23:05:28.650" >
          <step title="PreDeployment: context.OutputPath /home/site/wwwroot" date="2026-01-30T23:05:28.751" >
            <step title="Building" date="2026-01-30T23:05:28.883" >
              <step title="Executing external process" date="2026-01-30T23:05:29.166" type="process" path="bash" arguments="-c &quot;oryx build /tmp/zipdeploy/extracted -o /home/site/wwwroot --platform nodejs --platform-version 22 -p virtualenv_name= --log-file /tmp/build-debug.log  -i /tmp/8de60540f7654b1 -p compress_node_modules=tar-gz | tee /tmp/oryx-build.log ; exit $PIPESTATUS &quot;" /><!-- duration: 51800ms -->
              <step title="Using GenericDeploymentLogParser" date="2026-01-30T23:06:21.398" /><!-- duration: 5ms -->
              <step title="Triggering recycle (preview mode disabled)." date="2026-01-30T23:06:23.215" /><!-- duration: 4ms -->
              <step title="Modified file to trigger a restart of the app container." date="2026-01-30T23:06:23.256" /><!-- duration: 5ms -->
              <step title="Skip function trigger and logicapp sync because function is not enabled." date="2026-01-30T23:06:23.298" /><!-- duration: 3ms -->
            </step><!-- duration: 55245ms -->
          </step><!-- duration: 55388ms -->
          <step title="Cleaning up temp files" date="2026-01-30T23:06:24.143" /><!-- duration: 776ms -->
          <step title="Cleaning up temp files" date="2026-01-30T23:06:24.926" /><!-- duration: 507ms -->
          <step title="Reloading status file with latest updates" date="2026-01-30T23:06:25.484" >
            <step title="WebHooksManager.PublishEventAsync: PostDeployment" date="2026-01-30T23:06:25.491" /><!-- duration: 67ms -->
          </step><!-- duration: 77ms -->
          <step title="Cleaning up temporary deployment - fetch deployment was successful" date="2026-01-30T23:06:25.568" /><!-- duration: 7ms -->
        </step><!-- duration: 56970ms -->
      </step><!-- duration: 58517ms -->
