<step title="Incoming Request" date="2026-01-30T02:44:20.195" instance="40cccd" url="/api/zipdeploy?isAsync=true&amp;deployer=GITHUB_ZIP_DEPLOY&amp;message=%7B%22type%22%3A%22deployment%22%2C%22sha%22%3A%228b5ed4bc6cd452b4ec551f9feecb3ef1ac9f1737%22%2C%22repoName%22%3A%22YordanSV%2FRentGamer%22%2C%22actor%22%3A%22YordanSV%22%2C%22slotName%22%3A%22production%22%2C%22commitMessage%22%3A%22%22%7D" method="POST" type="request" pid="833,1,32" Host="rentgamer-api-d5hzc6gahsc7ecaj.scm.eastus2-01.azurewebsites.net" User-Agent="GITHUBACTIONS_DeployWebAppToAzure_51b69be8bcb149ab5ffe5519bc46024dde20b7d1f7cb1647c4e64394c4ee6e21" Authorization="Bas..." Content-Type="application/octet-stream" Cookie="ARRAffinity=40cccdc4058002c7bb4a002ea17c753771e666b3099f0077ceb725e126cc1ecc;Path=/;HttpOnly;Secure;Domain=rentgamer-api-d5hzc6gahsc7ecaj.scm.eastus2-01.azurewebsites.net; ARRAffinitySameSite=40cccdc4058002c7bb4a002ea17c753771e666b3099f0077ceb725e126cc1ecc;Path=/;HttpOnly;SameSite=None;Secure;Domain=rentgamer-api-d5hzc6gahsc7ecaj.scm.eastus2-01.azurewebsites.net" Transfer-Encoding="chunked" X-ARR-LOG-ID="a33fcb2c-b6e1-406e-8f0d-59e566fc47a4" CLIENT-IP="4.236.159.226:39937" X-SITE-DEPLOYMENT-ID="rentgamer-api" WAS-DEFAULT-HOSTNAME="rentgamer-api-d5hzc6gahsc7ecaj.scm.eastus2-01.azurewebsites.net" X-Forwarded-Proto="https" X-AppService-Proto="https" X-Forwarded-TlsVersion="1.3" X-WAWS-Unencoded-URL="/api/zipdeploy?isAsync=true&amp;deployer=GITHUB_ZIP_DEPLOY&amp;message=%7B%22type%22%3A%22deployment%22%2C%22sha%22%3A%228b5ed4bc6cd452b4ec551f9feecb3ef1ac9f1737%22%2C%22repoName%22%3A%22YordanSV%2FRentGamer%22%2C%22actor%22%3A%22YordanSV%22%2C%22slotName%22%3A%22production%22%2C%22commitMessage%22%3A%22%22%7D" X-Client-IP="4.236.159.226" X-Client-Port="39937" >
  <step title="Cleanup Xml Logs" date="2026-01-30T02:44:20.235" /><!-- duration: 37ms -->
  <step title="ZipPushDeploy" date="2026-01-30T02:44:20.517" >
    <step title="ZipDeploy. Extract zip." date="2026-01-30T02:44:20.999" /><!-- duration: 18ms -->
    <step title="None repository commit" date="2026-01-30T02:44:21.159" >
      <step title="Commit id: a7f24c41-092a-4ace-803b-9b75e45de066" date="2026-01-30T02:44:21.171" Message="N/A" AuthorName="N/A" AuthorEmail="N/A" /><!-- duration: 4ms -->
    </step><!-- duration: 18ms -->
    <step title="Starting PushDeployAsync" date="2026-01-30T02:44:21.220" /><!-- duration: 8ms -->
    <step title="Writing artifact to /tmp/zipdeploy/a9d0b494-9b1b-49bc-bef8-1045ec5ff136.zip" date="2026-01-30T02:44:21.369" >
      <step title="Writing multipart request body to /tmp/zipdeploy/a9d0b494-9b1b-49bc-bef8-1045ec5ff136.zip" date="2026-01-30T02:44:21.400" /><!-- duration: 7ms -->
    </step><!-- duration: 1288ms -->
    <step title="Start deployment in the background" date="2026-01-30T02:44:22.689" >
      <step title="Acquiring Deployment Lock" date="2026-01-30T02:44:22.718" /><!-- duration: 29ms -->
      <step title="Acquired Deployment Lock" date="2026-01-30T02:44:22.793" /><!-- duration: 4ms -->
    </step><!-- duration: 280ms -->
  </step><!-- duration: 2477ms -->
  <step title="Outgoing response" date="2026-01-30T02:44:23.033" type="response" statusCode="202" statusText="Accepted" /><!-- duration: 8ms -->
</step><!-- duration: 2851ms -->
