<step title="Incoming Request" date="2026-01-30T23:05:09.277" instance="115e45" url="/api/zipdeploy?isAsync=true&amp;deployer=GITHUB_ZIP_DEPLOY&amp;message=%7B%22type%22%3A%22deployment%22%2C%22sha%22%3A%22c3a15e3547b63a55f1d1b02beb2b351c2315a38a%22%2C%22repoName%22%3A%22YordanSV%2FRentGamer%22%2C%22actor%22%3A%22YordanSV%22%2C%22slotName%22%3A%22production%22%2C%22commitMessage%22%3A%22Fix%3A%20Mejorar%20configuraci%C3%B3n%20CORS%20con%20m%C3%BAltiples%20or%C3%ADgenes%20y%20logging%22%7D" method="POST" type="request" pid="831,1,3" Host="rentgamer-api-d5hzc6gahsc7ecaj.scm.eastus2-01.azurewebsites.net" User-Agent="GITHUBACTIONS_DeployWebAppToAzure_51b69be8bcb149ab5ffe5519bc46024dde20b7d1f7cb1647c4e64394c4ee6e21" Authorization="Bas..." Content-Type="application/octet-stream" Cookie="ARRAffinity=115e453cbd52a867d54fc2ef85536a40674f475cba12d2b0f4ad84ad1da1bd31;Path=/;HttpOnly;Secure;Domain=rentgamer-api-d5hzc6gahsc7ecaj.scm.eastus2-01.azurewebsites.net; ARRAffinitySameSite=115e453cbd52a867d54fc2ef85536a40674f475cba12d2b0f4ad84ad1da1bd31;Path=/;HttpOnly;SameSite=None;Secure;Domain=rentgamer-api-d5hzc6gahsc7ecaj.scm.eastus2-01.azurewebsites.net" Transfer-Encoding="chunked" X-ARR-LOG-ID="79801aeb-f7db-455a-87e0-8b8f51199f2d" CLIENT-IP="40.76.239.103:21505" X-SITE-DEPLOYMENT-ID="rentgamer-api" WAS-DEFAULT-HOSTNAME="rentgamer-api-d5hzc6gahsc7ecaj.scm.eastus2-01.azurewebsites.net" X-Forwarded-Proto="https" X-AppService-Proto="https" X-Forwarded-TlsVersion="1.3" X-WAWS-Unencoded-URL="/api/zipdeploy?isAsync=true&amp;deployer=GITHUB_ZIP_DEPLOY&amp;message=%7B%22type%22%3A%22deployment%22%2C%22sha%22%3A%22c3a15e3547b63a55f1d1b02beb2b351c2315a38a%22%2C%22repoName%22%3A%22YordanSV%2FRentGamer%22%2C%22actor%22%3A%22YordanSV%22%2C%22slotName%22%3A%22production%22%2C%22commitMessage%22%3A%22Fix%3A%20Mejorar%20configuraci%C3%B3n%20CORS%20con%20m%C3%BAltiples%20or%C3%ADgenes%20y%20logging%22%7D" X-Client-IP="40.76.239.103" X-Client-Port="21505" >
  <step title="Cleanup Xml Logs" date="2026-01-30T23:05:09.283" /><!-- duration: 8ms -->
  <step title="ZipPushDeploy" date="2026-01-30T23:05:09.343" >
    <step title="ZipDeploy. Extract zip." date="2026-01-30T23:05:09.403" /><!-- duration: 5ms -->
    <step title="None repository commit" date="2026-01-30T23:05:09.466" >
      <step title="Commit id: 2d22b6ac-5a0d-49fd-8f56-5c8fa8f101f0" date="2026-01-30T23:05:09.484" Message="N/A" AuthorName="N/A" AuthorEmail="N/A" /><!-- duration: 4ms -->
    </step><!-- duration: 952ms -->
    <step title="Starting PushDeployAsync" date="2026-01-30T23:05:10.441" /><!-- duration: 26ms -->
    <step title="Removing node_modules symlink" date="2026-01-30T23:05:10.592" >
      <step title="Removing _del_node_modules symlink" date="2026-01-30T23:05:10.853" >
        <step title="Writing artifact to /tmp/zipdeploy/5dce590c-292b-405a-8adc-4f04f6401ca3.zip" date="2026-01-30T23:05:10.879" >
          <step title="Writing multipart request body to /tmp/zipdeploy/5dce590c-292b-405a-8adc-4f04f6401ca3.zip" date="2026-01-30T23:05:10.892" /><!-- duration: 7ms -->
        </step><!-- duration: 411ms -->
        <step title="Removing previous build artifact&apos;s manifest file" date="2026-01-30T23:05:11.308" >
          <step title="Start deployment in the background" date="2026-01-30T23:05:11.337" >
            <step title="Acquiring Deployment Lock" date="2026-01-30T23:05:11.439" /><!-- duration: 11ms -->
            <step title="Acquired Deployment Lock" date="2026-01-30T23:05:11.522" /><!-- duration: 4ms -->
          </step><!-- duration: 345ms -->
        </step><!-- duration: 384ms -->
        <step title="Outgoing response" date="2026-01-30T23:05:11.706" type="response" statusCode="202" statusText="Accepted" /><!-- duration: 5ms -->
      </step><!-- duration: 862ms -->
