<step title="BackgroundTrace" date="2026-01-30T03:13:26.986" instance="40cccd" url="/api/zipdeploy" method="POST" >
  <step title="Cleanup Xml Logs" date="2026-01-30T03:13:26.996" /><!-- duration: 10ms -->
  <step title="Creating temporary deployment - FetchDeploymentManager" date="2026-01-30T03:13:27.344" /><!-- duration: 23ms -->
  <step title="Creating temporary deployment" date="2026-01-30T03:13:27.400" /><!-- duration: 347ms -->
  <step title="Performing fetch based deployment" date="2026-01-30T03:13:28.205" >
    <step title="Cleaning up temp folders from previous zip deployments and extracting pushed zip file /tmp/zipdeploy/2d8d593f-9428-4f8f-8026-6c0ce313ee3b.zip (15.72 MB) to /tmp/zipdeploy/extracted" date="2026-01-30T03:13:29.664" >
      <step title="ChmodRecursive Process exited with total time taken in ms: 242" date="2026-01-30T03:13:47.172" /><!-- duration: 22ms -->
    </step><!-- duration: 17539ms -->
    <step title="Deployment timer started" date="2026-01-30T03:13:49.215" >
      <step title="DeploymentManager.Deploy(id:0a56ce98-0a7d-4d38-986b-daa9758c0d3f)" date="2026-01-30T03:13:49.221" >
        <step title="Collecting changeset information" date="2026-01-30T03:13:49.243" /><!-- duration: 95ms -->
        <step title="Updating submodules" date="2026-01-30T03:13:49.343" /><!-- duration: 1131ms -->
        <step title="Determining deployment builder" date="2026-01-30T03:13:50.749" >
          <step title="Builder is OryxBuilder" date="2026-01-30T03:13:50.768" /><!-- duration: 7ms -->
        </step><!-- duration: 30ms -->
        <step title="PreDeployment: context.CleanOutputPath False" date="2026-01-30T03:13:50.846" >
          <step title="PreDeployment: context.OutputPath /home/site/wwwroot" date="2026-01-30T03:13:50.975" >
            <step title="Building" date="2026-01-30T03:13:51.131" >
              <step title="Executing external process" date="2026-01-30T03:13:51.441" type="process" path="bash" arguments="-c &quot;oryx build /tmp/zipdeploy/extracted -o /home/site/wwwroot --platform nodejs --platform-version 22 -p virtualenv_name= --log-file /tmp/build-debug.log  -i /tmp/8de5fad976f736e -p compress_node_modules=tar-gz | tee /tmp/oryx-build.log ; exit $PIPESTATUS &quot;" /><!-- duration: 29303ms -->
              <step title="Using GenericDeploymentLogParser" date="2026-01-30T03:14:21.215" /><!-- duration: 4ms -->
              <step title="Triggering recycle (preview mode disabled)." date="2026-01-30T03:14:22.607" /><!-- duration: 23ms -->
              <step title="Modified file to trigger a restart of the app container." date="2026-01-30T03:14:22.660" /><!-- duration: 6ms -->
              <step title="Skip function trigger and logicapp sync because function is not enabled." date="2026-01-30T03:14:22.683" /><!-- duration: 11ms -->
            </step><!-- duration: 32841ms -->
          </step><!-- duration: 33034ms -->
          <step title="Cleaning up temp files" date="2026-01-30T03:14:24.013" /><!-- duration: 1394ms -->
          <step title="Cleaning up temp files" date="2026-01-30T03:14:25.416" /><!-- duration: 508ms -->
          <step title="Reloading status file with latest updates" date="2026-01-30T03:14:25.955" >
            <step title="WebHooksManager.PublishEventAsync: PostDeployment" date="2026-01-30T03:14:25.961" /><!-- duration: 64ms -->
          </step><!-- duration: 76ms -->
          <step title="Cleaning up temporary deployment - fetch deployment was successful" date="2026-01-30T03:14:26.051" /><!-- duration: 5ms -->
        </step><!-- duration: 35279ms -->
      </step><!-- duration: 36921ms -->
