<step title="BackgroundTrace" date="2026-01-30T02:44:22.705" instance="40cccd" url="/api/zipdeploy" method="POST" >
  <step title="Creating temporary deployment - FetchDeploymentManager" date="2026-01-30T02:44:22.801" /><!-- duration: 3ms -->
  <step title="Creating temporary deployment" date="2026-01-30T02:44:22.810" /><!-- duration: 153ms -->
  <step title="Performing fetch based deployment" date="2026-01-30T02:44:23.076" >
    <step title="Cleaning up temp folders from previous zip deployments and extracting pushed zip file /tmp/zipdeploy/a9d0b494-9b1b-49bc-bef8-1045ec5ff136.zip (15.72 MB) to /tmp/zipdeploy/extracted" date="2026-01-30T02:44:24.593" >
      <step title="ChmodRecursive Process exited with total time taken in ms: 565" date="2026-01-30T02:44:42.486" /><!-- duration: 7ms -->
    </step><!-- duration: 17907ms -->
    <step title="Deployment timer started" date="2026-01-30T02:44:44.523" >
      <step title="DeploymentManager.Deploy(id:a7f24c41-092a-4ace-803b-9b75e45de066)" date="2026-01-30T02:44:44.550" >
        <step title="Collecting changeset information" date="2026-01-30T02:44:44.564" /><!-- duration: 103ms -->
        <step title="Updating submodules" date="2026-01-30T02:44:44.678" /><!-- duration: 1110ms -->
        <step title="Determining deployment builder" date="2026-01-30T02:44:45.983" >
          <step title="Builder is OryxBuilder" date="2026-01-30T02:44:46.005" /><!-- duration: 7ms -->
        </step><!-- duration: 34ms -->
        <step title="PreDeployment: context.CleanOutputPath False" date="2026-01-30T02:44:46.071" >
          <step title="PreDeployment: context.OutputPath /home/site/wwwroot" date="2026-01-30T02:44:46.194" >
            <step title="Building" date="2026-01-30T02:44:46.464" >
              <step title="Executing external process" date="2026-01-30T02:44:46.861" type="process" path="bash" arguments="-c &quot;oryx build /tmp/zipdeploy/extracted -o /home/site/wwwroot --platform nodejs --platform-version 22 -p virtualenv_name= --log-file /tmp/build-debug.log  -i /tmp/8de5fa98779b4b8 -p compress_node_modules=tar-gz | tee /tmp/oryx-build.log ; exit $PIPESTATUS &quot;" /><!-- duration: 53837ms -->
              <step title="Using GenericDeploymentLogParser" date="2026-01-30T02:45:41.084" /><!-- duration: 3ms -->
              <step title="Triggering recycle (preview mode disabled)." date="2026-01-30T02:45:42.482" /><!-- duration: 6ms -->
              <step title="Modified file to trigger a restart of the app container." date="2026-01-30T02:45:42.514" /><!-- duration: 3ms -->
              <step title="Skip function trigger and logicapp sync because function is not enabled." date="2026-01-30T02:45:42.525" /><!-- duration: 3ms -->
            </step><!-- duration: 57104ms -->
          </step><!-- duration: 57391ms -->
          <step title="Cleaning up temp files" date="2026-01-30T02:45:43.588" /><!-- duration: 941ms -->
          <step title="Cleaning up temp files" date="2026-01-30T02:45:44.540" /><!-- duration: 506ms -->
          <step title="Reloading status file with latest updates" date="2026-01-30T02:45:45.096" >
            <step title="WebHooksManager.PublishEventAsync: PostDeployment" date="2026-01-30T02:45:45.100" /><!-- duration: 64ms -->
          </step><!-- duration: 70ms -->
          <step title="Cleaning up temporary deployment - fetch deployment was successful" date="2026-01-30T02:45:45.173" /><!-- duration: 3ms -->
        </step><!-- duration: 59148ms -->
      </step><!-- duration: 60687ms -->
