﻿<?xml version="1.0" encoding="utf-8"?>
<deployment>
  <id>0a56ce98-0a7d-4d38-986b-daa9758c0d3f</id>
  <author>N/A</author>
  <deployer>GITHUB_ZIP_DEPLOY</deployer>
  <authorEmail>N/A</authorEmail>
  <message>{"type":"deployment","sha":"8b5ed4bc6cd452b4ec551f9feecb3ef1ac9f1737","repoName":"YordanSV/RentGamer","actor":"YordanSV","slotName":"production","commitMessage":""}</message>
  <progress></progress>
  <status>Success</status>
  <statusText></statusText>
  <lastSuccessEndTime>2026-01-30T03:14:23.0889327Z</lastSuccessEndTime>
  <receivedTime>2026-01-30T03:13:49.287076Z</receivedTime>
  <startTime>2026-01-30T03:13:50.658828Z</startTime>
  <endTime>2026-01-30T03:14:23.0889327Z</endTime>
  <complete>True</complete>
  <is_temp>False</is_temp>
  <is_readonly>True</is_readonly>
  <buildSummary />
</deployment>